,Feature_Name,Importance_Score
0,F3_Delta_FOOOF_30_45,0.2572091520499826
1,Pz_Delta_FOOOF_30_45,0.7427908479500175
