{"Abs_Power$": 9.853478260869567, "Rel_Power$": 10.76086956521739, "Osc_Power$": 11.977391304347824, "FOOOF_1_45$": 11.59521739130435, "FOOOF_1_45_offset$": 10.607826086956523, "FOOOF_30_45$": 11.215912949369471, "FOOOF_30_35_offset$": 10.798485507246376}