{"Alpha": 7.903043478260872, "Beta": 10.733478260869564, "Gamma": 11.522173913043478, "Delta": 10.73521739130435, "Theta": 10.930000000000001}