{"(?<!Imag_)Coherence$": 11.760434782608694, "Imag_Coherence$": 8.662173913043478, "WPLI$": 12.629565217391304, "WPPC$": 11.751304347826085}