{"Alpha_Abs_Power": 11.296956521739132, "Beta_Abs_Power": 8.819130434782608, "Gamma_Abs_Power": 8.804782608695652, "Delta_Abs_Power": 9.906086956521738, "Theta_Abs_Power": 11.289130434782608, "Alpha_Rel_Power": 11.026086956521741, "Beta_Rel_Power": 11.613043478260874, "Gamma_Rel_Power": 10.935217391304347, "Delta_Rel_Power": 10.680000000000001, "Theta_Rel_Power": 9.625652173913045, "Alpha_Osc_Power": 10.706521739130435, "Beta_Osc_Power": 10.710434782608697, "Gamma_Osc_Power": 11.820434782608693, "Delta_Osc_Power": 10.709999999999999, "Theta_Osc_Power": 10.040869565217392, "Alpha_FOOOF_1_45": 8.908260869565218, "Beta_FOOOF_1_45": 9.288260869565216, "Gamma_FOOOF_1_45": 8.90782608695652, "Delta_FOOOF_1_45": 9.14086956521739, "Theta_FOOOF_1_45": 8.992608695652171, "Alpha_FOOOF_1_45_offset": 8.590434782608694, "Beta_FOOOF_1_45_offset": 8.866086956521741, "Gamma_FOOOF_1_45_offset": 8.83782608695652, "Delta_FOOOF_1_45_offset": 8.771304347826087, "Theta_FOOOF_1_45_offset": 8.916086956521738, "Alpha_FOOOF_30_45": 10.977644927536232, "Beta_FOOOF_30_45": 10.54789440993789, "Gamma_FOOOF_30_45": 11.023865424430642, "Delta_FOOOF_30_45": 10.773753623188409, "Theta_FOOOF_30_45": 10.881898550724639, "Alpha_FOOOF_30_35_offset": 10.748942028985509, "Beta_FOOOF_30_35_offset": 11.183619047619047, "Gamma_FOOOF_30_35_offset": 11.598662525879918, "Delta_FOOOF_30_35_offset": 11.06990579710145, "Theta_FOOOF_30_35_offset": 10.815198757763975}