{"Gamma_Abs_Power$": 8.245304347826083, "Delta_Abs_Power$": 9.800695652173912, "Theta_Abs_Power$": 11.436913043478262, "Alpha_Rel_Power$": 12.351565217391306, "Beta_Rel_Power$": 11.956826086956521, "Gamma_Rel_Power$": 10.65221739130435, "Delta_Rel_Power$": 11.06508695652174, "Theta_Rel_Power$": 10.270478260869565, "Alpha_Osc_Power$": 10.419173913043478, "Beta_Osc_Power$": 10.138173913043477, "Gamma_Osc_Power$": 11.131565217391307, "Delta_Osc_Power$": 10.992260869565216, "Theta_Osc_Power$": 10.780826086956523, "Alpha_FOOOF_1_45$": 10.812173913043477, "Beta_FOOOF_1_45$": 11.290000000000001, "Gamma_FOOOF_1_45$": 10.948304347826086, "Delta_FOOOF_1_45$": 11.040956521739128, "Theta_FOOOF_1_45$": 11.230608695652172, "Alpha_FOOOF_1_45_offset$": 9.455782608695651, "Beta_FOOOF_1_45_offset$": 9.417130434782608, "Gamma_FOOOF_1_45_offset$": 9.04586956521739, "Delta_FOOOF_1_45_offset$": 9.596217391304348, "Theta_FOOOF_1_45_offset$": 9.360739130434782, "Alpha_FOOOF_30_45$": 11.099743855057984, "Beta_FOOOF_30_45$": 10.982923082111128, "Gamma_FOOOF_30_45$": 11.772615049443319, "Delta_FOOOF_30_45$": 11.13800475056345, "Theta_FOOOF_30_45$": 11.206469345026953, "Alpha_FOOOF_30_35_offset$": 10.381824786807401, "Beta_FOOOF_30_35_offset$": 10.802110148909062, "Gamma_FOOOF_30_35_offset$": 10.379943442668445, "Delta_FOOOF_30_35_offset$": 10.77736651319695, "Theta_FOOOF_30_35_offset$": 10.20968109463001}