{"Alpha_Coherence": 12.331304347826087, "Beta_Coherence": 10.04565217391304, "Gamma_Coherence": 11.978695652173913, "Delta_Coherence": 10.186086956521738, "Theta_Coherence": 10.455652173913045, "Alpha_Imag_Coherence": 8.353478260869565, "Beta_Imag_Coherence": 12.383913043478262, "Gamma_Imag_Coherence": 10.975652173913044, "Delta_Imag_Coherence": 10.380869565217392, "Theta_Imag_Coherence": 12.230434782608697, "Alpha_WPLI": 11.680434782608698, "Beta_WPLI": 11.751304347826089, "Gamma_WPLI": 11.36826086956522, "Delta_WPLI": 10.882173913043479, "Theta_WPLI": 12.695652173913043, "Alpha_WPPC": 9.121304347826086, "Beta_WPPC": 9.316956521739131, "Gamma_WPPC": 10.668260869565218, "Delta_WPPC": 11.138260869565217, "Theta_WPPC": 9.165217391304349}