{"Abs_Power$": 151.29041304347828, "Rel_Power$": 170.27602608695648, "Osc_Power$": 212.8473652173913, "FOOOF_1_45$": 178.90434347826087, "FOOOF_1_45_offset$": 170.98826086956524, "FOOOF_30_45$": 184.83431928220668, "FOOOF_30_35_offset$": 177.15189327134473}