{"(?<!Imag_)Coherence$": 190.49218695652175, "Imag_Coherence$": 119.41650869565218, "WPLI$": 217.91182608695655, "WPPC$": 189.94351304347828}