{"Alpha_Abs_Power": 181.8279608695652, "Beta_Abs_Power": 108.7734086956522, "Gamma_Abs_Power": 101.19654347826088, "Delta_Abs_Power": 157.57849565217393, "Theta_Abs_Power": 174.48877826086957, "Alpha_Rel_Power": 169.53934782608695, "Beta_Rel_Power": 184.7170086956522, "Gamma_Rel_Power": 169.82079565217393, "Delta_Rel_Power": 168.39794782608695, "Theta_Rel_Power": 140.82451739130437, "Alpha_Osc_Power": 150.84206521739134, "Beta_Osc_Power": 164.77054782608693, "Gamma_Osc_Power": 204.2612739130435, "Delta_Osc_Power": 170.87824782608695, "Theta_Osc_Power": 151.59619130434785, "Alpha_FOOOF_1_45": 127.07139565217393, "Beta_FOOOF_1_45": 131.94550000000004, "Gamma_FOOOF_1_45": 127.3836869565218, "Delta_FOOOF_1_45": 130.04105217391307, "Theta_FOOOF_1_45": 129.03272608695656, "Alpha_FOOOF_1_45_offset": 124.23527826086956, "Beta_FOOOF_1_45_offset": 128.91542608695653, "Gamma_FOOOF_1_45_offset": 128.5317956521739, "Delta_FOOOF_1_45_offset": 127.5235391304348, "Theta_FOOOF_1_45_offset": 129.11518695652174, "Alpha_FOOOF_30_45": 185.20757973550724, "Beta_FOOOF_30_45": 175.79330593552203, "Gamma_FOOOF_30_45": 189.02549739721974, "Delta_FOOOF_30_45": 182.42309496859906, "Theta_FOOOF_30_45": 183.94084082608694, "Alpha_FOOOF_30_35_offset": 182.66616885265708, "Beta_FOOOF_30_35_offset": 186.08863743724743, "Gamma_FOOOF_30_35_offset": 193.6926056498078, "Delta_FOOOF_30_35_offset": 190.31702316545892, "Theta_FOOOF_30_35_offset": 179.2496933551218}