{"Alpha": 106.9099608695652, "Beta": 184.5877347826087, "Gamma": 186.7608304347826, "Delta": 169.43605652173915, "Theta": 180.40656956521738}