{"Gamma_Abs_Power$": 96.37272660869564, "Delta_Abs_Power$": 155.32373295652175, "Theta_Abs_Power$": 165.5086625652174, "Alpha_Rel_Power$": 216.68677747826084, "Beta_Rel_Power$": 187.87039160869566, "Gamma_Rel_Power$": 176.08721821739132, "Delta_Rel_Power$": 204.64050508695655, "Theta_Rel_Power$": 144.53146960869563, "Alpha_Osc_Power$": 151.58115517391306, "Beta_Osc_Power$": 152.6030687826087, "Gamma_Osc_Power$": 175.29171191304349, "Delta_Osc_Power$": 172.97026930434785, "Theta_Osc_Power$": 157.0223085652174, "Alpha_FOOOF_1_45$": 166.09880791304343, "Beta_FOOOF_1_45$": 178.1316838260869, "Gamma_FOOOF_1_45$": 163.3293926521739, "Delta_FOOOF_1_45$": 171.66698191304346, "Theta_FOOOF_1_45$": 175.38670373913044, "Alpha_FOOOF_1_45_offset$": 139.1452098695652, "Beta_FOOOF_1_45_offset$": 138.9101571304348, "Gamma_FOOOF_1_45_offset$": 132.40646256521742, "Delta_FOOOF_1_45_offset$": 139.90757943478263, "Theta_FOOOF_1_45_offset$": 137.1520702173913, "Alpha_FOOOF_30_45$": 183.58345833392977, "Beta_FOOOF_30_45$": 183.78423571207574, "Gamma_FOOOF_30_45$": 198.501463275863, "Delta_FOOOF_30_45$": 185.58171570788755, "Theta_FOOOF_30_45$": 191.99462825970747, "Alpha_FOOOF_30_35_offset$": 167.79003072714383, "Beta_FOOOF_30_35_offset$": 175.32488602236955, "Gamma_FOOOF_30_35_offset$": 171.0363879603481, "Delta_FOOOF_30_35_offset$": 183.60417633339725, "Theta_FOOOF_30_35_offset$": 164.3864172533925}