{"Alpha_Coherence": 199.07774782608695, "Beta_Coherence": 150.03369999999998, "Gamma_Coherence": 198.56243913043477, "Delta_Coherence": 163.5804956521739, "Theta_Coherence": 161.39489565217391, "Alpha_Imag_Coherence": 108.03138695652176, "Beta_Imag_Coherence": 220.00204782608694, "Gamma_Imag_Coherence": 151.7882956521739, "Delta_Imag_Coherence": 160.88813913043478, "Theta_Imag_Coherence": 211.53333913043483, "Alpha_WPLI": 198.0875086956522, "Beta_WPLI": 179.20384347826086, "Gamma_WPLI": 163.8197695652174, "Delta_WPLI": 175.10665652173913, "Theta_WPLI": 235.08413913043475, "Alpha_WPPC": 127.27290869565215, "Beta_WPPC": 141.9573, "Gamma_WPPC": 173.2144130434783, "Delta_WPPC": 192.67346086956522, "Theta_WPPC": 132.96172173913044}