{"Alpha_Abs_Power": -0.4372141066252282, "Beta_Abs_Power": 0.14022751695902902, "Gamma_Abs_Power": 0.20011697247706406, "Delta_Abs_Power": -0.24554021157696604, "Theta_Abs_Power": -0.37920335445118525, "Alpha_Rel_Power": -0.34008180677165845, "Beta_Rel_Power": -0.4600498700056783, "Gamma_Rel_Power": -0.3423064414427879, "Delta_Rel_Power": -0.33105989301616745, "Theta_Rel_Power": -0.11311253772823737, "Alpha_Osc_Power": -0.1922937647551033, "Beta_Osc_Power": -0.30238800765024076, "Gamma_Osc_Power": -0.6145326763888479, "Delta_Osc_Power": -0.3506648103875927, "Theta_Osc_Power": -0.19825456773152483, "Alpha_FOOOF_1_45": -0.004404391417386799, "Beta_FOOOF_1_45": -0.04293054268894059, "Gamma_FOOOF_1_45": -0.006872820727371165, "Delta_FOOOF_1_45": -0.027877306278576874, "Theta_FOOOF_1_45": -0.019907242327347197, "Alpha_FOOOF_1_45_offset": 0.01801299644383325, "Beta_FOOOF_1_45_offset": -0.018980073514030638, "Gamma_FOOOF_1_45_offset": -0.015947761706960106, "Delta_FOOOF_1_45_offset": -0.007978247616771128, "Theta_FOOOF_1_45_offset": -0.020559033858291498, "Alpha_FOOOF_30_45": -0.4639274673532461, "Beta_FOOOF_30_45": -0.3895146705300059, "Gamma_FOOOF_30_45": -0.49410525241504444, "Delta_FOOOF_30_45": -0.4419181967903194, "Theta_FOOOF_30_45": -0.4539148432148943, "Alpha_FOOOF_30_35_offset": -0.44383951413584577, "Beta_FOOOF_30_35_offset": -0.470891569857812, "Gamma_FOOOF_30_35_offset": -0.5309952542920293, "Delta_FOOOF_30_35_offset": -0.50431379814314, "Theta_FOOOF_30_35_offset": -0.41683482928696547}