{"Alpha_Coherence": -0.5735607775752327, "Beta_Coherence": -0.18590424199862543, "Gamma_Coherence": -0.5694876475510269, "Delta_Coherence": -0.2929815348295135, "Theta_Coherence": -0.2757060006574428, "Alpha_Imag_Coherence": 0.1460926441143946, "Beta_Imag_Coherence": -0.7389517272808777, "Gamma_Imag_Coherence": -0.1997730089950096, "Delta_Imag_Coherence": -0.27170046917490986, "Theta_Imag_Coherence": -0.6720129157577033, "Alpha_WPLI": -0.5657336774945467, "Beta_WPLI": -0.41647242028509135, "Gamma_WPLI": -0.2948728162448082, "Delta_WPLI": -0.3840872202133703, "Theta_WPLI": -0.8581643845441234, "Alpha_WPPC": -0.005997201386606088, "Beta_WPPC": -0.12206633744733031, "Gamma_WPPC": -0.36913045004930867, "Delta_WPPC": -0.5229396766578014, "Theta_WPPC": -0.050963015868272565}