{"Gamma_Abs_Power$": 0.23824563882497085, "Delta_Abs_Power$": -0.2277179979977888, "Theta_Abs_Power$": -0.3082222528912535, "Alpha_Rel_Power$": -0.7127469934853423, "Beta_Rel_Power$": -0.48497500464692367, "Gamma_Rel_Power$": -0.3918378274063896, "Delta_Rel_Power$": -0.617530215327377, "Theta_Rel_Power$": -0.14241322390401345, "Alpha_Osc_Power$": -0.19813571836057764, "Beta_Osc_Power$": -0.20621318151391121, "Gamma_Osc_Power$": -0.3855499447449424, "Delta_Osc_Power$": -0.3672006762991966, "Theta_Osc_Power$": -0.24114396842781605, "Alpha_FOOOF_1_45$": -0.3128869107073484, "Beta_FOOOF_1_45$": -0.4079977997190929, "Gamma_FOOOF_1_45$": -0.29099675332456765, "Delta_FOOOF_1_45$": -0.3568991637330785, "Theta_FOOOF_1_45$": -0.3863007841197743, "Alpha_FOOOF_1_45_offset$": -0.09983886712189594, "Beta_FOOOF_1_45_offset$": -0.09798095093087933, "Gamma_FOOOF_1_45_offset$": -0.04657410717807786, "Delta_FOOOF_1_45_offset$": -0.1058648286316235, "Theta_FOOOF_1_45_offset$": -0.08408458812718544, "Alpha_FOOOF_30_45$": -0.45109000177283676, "Beta_FOOOF_30_45$": -0.4526769968575455, "Gamma_FOOOF_30_45$": -0.5690056790026528, "Delta_FOOOF_30_45$": -0.4668847325325365, "Theta_FOOOF_30_45$": -0.5175740123328043, "Alpha_FOOOF_30_35_offset$": -0.32625476279262333, "Beta_FOOOF_30_35_offset$": -0.3858121612801231, "Gamma_FOOOF_30_35_offset$": -0.351914789932525, "Delta_FOOOF_30_35_offset$": -0.45125376207105106, "Theta_FOOOF_30_35_offset$": -0.2993517426268515}