{"Abs_Power$": -0.19583761916146236, "Rel_Power$": -0.3459046977258464, "Osc_Power$": -0.6823993096853247, "FOOOF_1_45$": -0.4141050966739388, "FOOOF_1_45_offset$": -0.35153438125691117, "FOOOF_30_45$": -0.4609771224977939, "FOOOF_30_35_offset$": -0.4002532878185068}