{"Alpha": 0.15495667901861765, "Beta": -0.45902805636075694, "Gamma": -0.47620475301078846, "Delta": -0.3392653662253837, "Theta": -0.4259790709141442}