{"(?<!Imag_)Coherence$": -0.5056983369691903, "Imag_Coherence$": 0.05610176762394259, "WPLI$": -0.7224300869617195, "WPPC$": -0.5013614798434096}