,Feature_Name,Importance_Score
0,F4_Beta_FOOOF_30_45,0.27280753553416864
1,Pz_Beta_FOOOF_30_45,0.7271924644658313
